Question Number,Question,Answer
1,What is Network Science?,"Network Science is the Operating System for the AI world, helping businesses drive transformation by seamlessly embedding AI into every aspect of their operations. We empower organizations to not only adapt but lead in an era where AI is the cornerstone of innovation and business evolution."
2,When was Network Science founded?,"Founded in 2020, Network Science was built with a bold vision to reshape industries, drive global expansion, and redefine how businesses adopt AI. We are focused on accelerating your journey to becoming a truly AI-powered enterprise — one that leads with innovation, agility, and measurable impact."
3,What makes Network Science different from traditional consulting firms?,"We challenge the conventional consulting model by adopting an ""Advise to Execute"" approach. Unlike traditional firms that offer advice without ownership, we embed ourselves into your business, take full responsibility, and drive tangible results from day one. We don't just consult — we execute and deliver real, measurable impact."
4,What is the core mission of Network Science?,"Our mission is to empower businesses to transform through AI and Deep Tech, not just for commercial success but for broader societal and governmental impact. By enabling organizations to adopt AI responsibly and at scale, we aim to shape a future where technology drives positive change — for businesses, society, and governments alike."
5,What is the meaning behind the name "Network Science"?,"The name embodies the networked efforts of the global startup ecosystem, enterprises, and tech innovators working in unison to drive AI-fication at scale. ""Science"" reflects our exclusive focus on AI and Deep Tech, ensuring that our work is data-driven, cutting-edge, and poised to redefine industries."
6,What is the valuation of Network Science?,"Network Science is currently valued at $12 million, and we are on an accelerated path to reach $100 million by 2028 — continuing to expand our global footprint, scale innovations, and deepen our impact on enterprises across the world."
7,What services does Network Science provide?,"We provide AI strategy, business transformation through Deep Tech, sales acceleration, and AI implementation, helping enterprises lead in the AI-driven world."
8,What is TurinOS.AI?,"TurinOS.AI is our cutting-edge platform that empowers businesses to co-create and scale AI solutions with the best global startups, accelerating innovation and driving business transformation."
9,What is Deep Tech Innovation Alley (DTIA)?,"DTIA is an immersive experience where businesses can touch, feel, and experience the future of innovation. It's where enterprises explore real-world Deep Tech solutions that are shaping industries and unlocking new growth opportunities."
10,Do you provide end-to-end AI implementation?,"At Network Science, we believe AI doesn't matter, ROI does. We take full accountability for the entire AI journey, from initial strategy to execution and beyond, ensuring that each AI program directly contributes to your business outcomes. Our focus is on delivering real results, driving measurable ROI, and turning AI into a competitive advantage."
11,What is the AI Office as a Service?,"AI Office as a Service helps businesses set up and scale their AI initiatives without the overhead of managing an in-house team, ensuring seamless implementation from start to finish."
12,How does Network Science ensure successful AI adoption?,"We take a holistic approach, combining strategy, execution, and continuous monitoring to ensure AI adoption is seamless, scalable, and aligned with your long-term business goals."
13,How do you approach AI for startups?,"We help startups by connecting them to global enterprises, providing market access, and accelerating sales with AI-powered solutions that unlock growth opportunities."
14,Can Network Science help businesses improve their AI infrastructure?,"Absolutely. We design and implement AI infrastructures that enable scalability and support both short-term needs and long-term business growth."
15,How do you ensure privacy and compliance in AI projects?,"We implement industry-leading security protocols and comply with all relevant data protection regulations, including GDPR, to ensure privacy and compliance in all AI deployments."
16,Who are some of your major clients?,"We've partnered with global leaders like Schneider Electric, H&M, Mahindra Finance, Aditya Birla Capital, and JP Morgan Chase to help them drive innovation and deliver measurable business impact."
17,What kinds of results have you delivered for clients?,"We've helped clients achieve up to 8X ROI, optimize operations, reduce costs, and create new revenue streams through AI-driven solutions."
18,Do you have case studies?,"Yes, we have 150+ case studies across industries showcasing how we've helped enterprises achieve real, measurable outcomes through AI and Deep Tech."
19,How many AI projects have you delivered so far?,"We've successfully delivered over 150 AI and Deep Tech projects, empowering businesses to transform and scale through innovation."
20,What's the commercial impact you've created for clients?,"We've unlocked over $500 million in cumulative value, helping our clients scale, grow, and optimize operations using AI."
21,Do you take accountability for business outcomes?,"Yes, we take full ownership of driving results — ensuring that every AI project delivers the desired business impact and measurable ROI."
22,What business vectors do you focus on?,"We focus on six key vectors: Cost, Growth, Risk, Customer Experience, Data, and Sustainability, ensuring AI creates value across the entire enterprise."
23,How do you measure success in your projects?,"We measure success by aligning with your business KPIs and ensuring that every project contributes to your long-term success with tangible, quantifiable results."
24,Can you share examples of specific AI use cases?,"We've implemented AI for inventory optimization, facial recognition in e-commerce, personalized product recommendations, and automated warranty claims, among others."
25,Why do clients choose Network Science?,"Clients choose us because we don't just provide solutions — we partner with them to deliver real transformation, ensuring that AI drives their business forward and creates long-term value."
26,How do you select startups for your portfolio?,"We apply a rigorous selection process, evaluating startups based on innovation, scalability, market readiness, and their potential to solve unique problems with AI and Deep Tech."
27,How many startups are in your network?,"We work with over 70 innovative startups, helping them scale and succeed by connecting them with enterprise clients and growth opportunities across the globe."
28,Do you take equity in startups?,"Yes, in select cases. We believe in shared success, aligning our interests with startups for long-term growth and impact."
29,How do you help startups expand globally?,"We are market developers, not mere connectors. We enable startups to scale globally by providing access to key markets, enterprise networks, and strategic support to ensure rapid growth."
30,What is the Deep Tech Startup Platform (DTSP)?,"DTSP is our Deep Tech Startup Partner program, offering startups the resources, market access, and support needed to bring their transformative solutions to global enterprises."
31,Do you focus on early-stage or mature startups?,"We work with startups that have proven product-market fit, at least five referenceable customers, and are solving significant, unique challenges with their technology."
32,What is metric-backward thinking?,"It's an approach where we help clients reimagine their business or workflows by aligning AI solutions directly with their most critical business metrics and KPIs, ensuring measurable impact."
33,What is the 4-sided network effect?,"The 4-sided network effect, from Platform Revolution, is the synergy created when four key players — enterprises, startups, partners, and our internal teams — collaborate to drive exponential value and business growth."
34,What is your presence in the UK and Europe?,"Our global HQ is in Canary Wharf, London, with local offices in Germany, Vienna, and France, enabling us to serve clients across the UK and Europe with cutting-edge AI solutions."
35,Are you active in the Middle East?,"Yes, we have a Dubai office, which caters to clients in the Middle East, helping them adopt AI and Deep Tech solutions to drive regional growth and transformation."
36,Do you operate in the US?,"Yes, we have a New York office, providing enterprises in the US with access to AI-driven solutions that ensure they stay ahead of the curve."
37,How can I start working with Network Science?,"It's easy! Simply drop us a message, and we'll get in touch with you at the earliest to discuss how we can accelerate your AI transformation."
38,How quickly can you deliver impact?,"We can deliver measurable results in as little as 30 days, ensuring your business starts seeing the impact of AI solutions without long delays."
39,What is the first step for an enterprise interested in AI?,"Start with our AI 101 workshop or an AI Readiness Assessment to understand where your business stands and how AI can drive growth."
40,Do you provide free consultations?,"Yes! We offer a 30-minute consultation to help you explore how AI can deliver real, measurable results for your business."
41,Who are your key thought leaders?,"Our key thought leaders include Sandeep Hardikar (CEO), Nikhil Mahen (Chief AI Officer - Advisory), Trupti Hede (Chief AI Officer - Fast Track Ai-fication), and many more experts who guide our vision and strategy."
42,What is Deep Tech Innovation Alley (DTIA)?,"DTIA is a hands-on experience where you can touch, feel, and experience the transformative potential of Deep Tech solutions that are changing industries."
43,Can I attend the AI 101 workshop?,"Yes! Our AI 101 workshop is open to business leaders, teams, and anyone looking to understand AI's role in driving business transformation."
44,What is the target audience for your workshops?,"Our workshops are designed for CEOs, business leaders, tech teams, and anyone eager to integrate AI into their strategy and operations."
45,Do you do custom workshops for enterprises?,"Yes! We tailor workshops to meet the specific needs of each enterprise, ensuring they gain actionable insights and strategies aligned with their goals."
46,Do you offer certifications?,"Yes, participants of our AI 101 and AI 201 workshops receive certifications that validate their understanding of AI and its business applications."
47,Can startups participate in your events?,"Absolutely! We encourage startups to participate in our events to showcase their innovations and connect with enterprises looking for transformative solutions."
48,Do you host online events?,"Yes, we regularly host webinars and virtual events, making it easy for anyone to attend from anywhere and gain valuable insights into AI and Deep Tech."
49,What is your most popular workshop format?,"Our interactive workshops, featuring live case studies and real-world AI applications, are a favorite among participants."
50,How can I invite Network Science to speak at my event?,"Reach out to us through our contact page, and we'd love to explore speaking opportunities at your event."
51,Where can I read your articles or insights?,"Visit our blog on networkscience.ai or follow us on LinkedIn for regular updates, thought leadership, and industry insights."
52,What is the Coffee Table Book about?,"Our Coffee Table Book showcases thought leaders who are driving change and innovation through AI and Deep Tech, celebrating their contributions to transforming industries."
53,Do you have a YouTube channel?,"Yes! We regularly share interviews, event highlights, and thought leadership on our YouTube channel to keep you informed about the latest in AI."
54,Do you publish case studies and white papers?,"Yes, we publish in-depth case studies and white papers that showcase the real-world impact of AI solutions across industries."
55,Can I subscribe to your newsletter?,"Absolutely! Stay updated with the latest AI insights, events, and trends by subscribing to our newsletter."
56,Are you active on LinkedIn?,"Yes, we actively share updates, articles, and thought leadership on LinkedIn. Follow us to stay up-to-date."
57,Who are your key thought leaders?,"Our CEO Sandeep Hardikar, along with our leadership team including Nikhil Mahen and Trupti Desai, are recognized thought leaders shaping the future of AI."
58,What is the 'Network Scientist Pen' series?,"It's a series of articles where our leaders share bold perspectives on the future of AI, business, and technology, providing unique insights into the AI revolution."
59,Can I collaborate with Network Science for thought leadership?,"Yes! We love collaborating on articles, events, and discussions around the future of AI and its impact on business."
60,What awards or recognitions has Network Science received?,"We've been recognized as a top AI accelerator, with our leadership team acknowledged as pioneers in AI and Deep Tech innovation."
61,What sets Network Science apart from other AI consultancies?,"We don't just advise — we execute. As the Operating System for AI, we ensure that AI integrates seamlessly into your business, delivering measurable results and transforming operations at scale."
62,How does Network Science drive innovation in AI?,"We constantly curate cutting-edge AI solutions and partner with the world's most innovative startups, ensuring that businesses get access to the latest advancements in AI and Deep Tech to lead in their industries."
63,What makes your AI-driven approach different?,"Our approach is business-first, not tech-first. We start with your business goals and work backwards to design AI solutions that accelerate growth, reduce costs, and increase market share."
64,How does Network Science ensure AI aligns with business strategy?,"By taking a metric-backward thinking approach, we begin with your key business metrics and KPIs to ensure that AI solutions are strategically aligned and drive real-world impact from day one."
65,What is the true impact of AI for businesses according to Network Science?,"AI, when implemented correctly, is a game-changer. It drives new growth, optimizes resources, enhances customer experience, and redefines competitive advantage — all while delivering tangible business outcomes."
66,How does Network Science help businesses prepare for AI?,"We start by assessing your AI readiness, identifying gaps in technology, processes, and data, and then work with you to create a tailored strategy that ensures a smooth transition into AI-powered business operations."
67,Can AI help businesses become more sustainable?,"Absolutely! AI drives operational efficiency, reduces waste, optimizes energy use, and enables data-driven sustainability strategies that contribute to long-term environmental and business goals."
68,How do you ensure AI solutions are scalable for large enterprises?,"We design enterprise-grade AI systems that scale seamlessly, integrating with existing infrastructure and evolving with your business needs. Scalability is baked into every solution we provide."
69,What is the biggest misconception businesses have about AI?,"Many believe that AI is just about automation. In reality, AI is a strategic asset that can drive transformation across all aspects of business — from customer experience to supply chain management."
70,What does Network Science mean by 'AI-fying' business?,"AI-fying a business means embedding AI into the very DNA of your operations to drive smarter decision-making, more efficient processes, and innovative products or services that disrupt the market."
71,How does Network Science ensure AI projects stay within budget?,"We focus on ROI from the start, ensuring that AI projects are not just cost-effective, but are designed to drive measurable returns that justify every investment."
72,What makes your AI implementation strategy so effective?,"Our strategy integrates agile execution, constant feedback loops, and end-to-end support, ensuring that each AI project evolves and adapts to meet real-world business challenges."
73,What is your role in an AI project from start to finish?,"We provide a comprehensive end-to-end service, from strategic consultation and customized solution design to implementation, optimization, and ongoing support, ensuring that AI delivers long-term value."
74,How does Network Science integrate AI into existing business processes?,"We seamlessly integrate AI into your current operations by identifying pain points and creating solutions that enhance and streamline existing workflows rather than disrupt them."
75,How does Network Science help startups scale faster?,"We provide zero-time-to-market solutions, connecting startups to global markets and enterprise clients while accelerating their sales, market penetration, and funding opportunities."
76,What is the secret to success for startups working with Network Science?,"Startups succeed by tapping into our global network, getting access to enterprise-level clients, and leveraging our expertise to scale their AI-driven solutions to new heights."
77,How do you foster innovation in startups?,"We act as innovation accelerators, helping startups refine their products, access real-world feedback, and build scalable solutions that have the potential to disrupt industries."
78,What role do partnerships play in helping startups grow with Network Science?,"Partnerships are at the core of our model. We connect startups with key partners, whether it's through enterprise clients, VCs, or strategic alliances, to help them scale effectively."
79,What makes Network Science the ideal partner for startups?,"We combine business strategy, sales acceleration, and AI expertise, offering a holistic growth approach that empowers startups to thrive globally."
80,How do you ensure startups stay on track for global expansion?,"We help startups navigate new markets by providing local insights, strategic guidance, and access to a vast network of global enterprises to ensure their solutions can scale rapidly."
81,How does Network Science support international businesses?,"We offer market expansion services that include local insights, strategic partnerships, and tailored solutions designed to ensure your business thrives in new global markets."
82,Why is Network Science's global presence important for your clients?,"Our global footprint allows us to offer localized support while providing access to global innovation, ensuring that your business stays ahead of the curve, no matter where you operate."
83,What role do global partnerships play in your services?,"Strategic partnerships with leading tech companies and AI startups enable us to deliver world-class solutions that are scalable, customizable, and impactful for clients worldwide."
84,Do you help businesses navigate different regulatory environments?,"Yes, we help businesses comply with local regulations and ensure that AI implementations meet regional standards, whether it's data protection, privacy laws, or industry-specific compliance requirements."
85,How does Network Science support businesses in emerging markets?,"We have localized teams in emerging markets and work closely with businesses to help them adopt AI solutions tailored to the unique needs and challenges of these markets."
86,How does Network Science's presence in key regions benefit global businesses?,"With offices in major markets such as London, Dubai, and New York, we provide businesses with direct access to top-tier clients and cutting-edge innovations in AI and Deep Tech."
87,How do you identify high-potential startups to work with?,"We look for startups that have proven product-market fit, are solving unique problems, and show the ability to scale globally, ensuring that they align with our mission to drive AI-powered transformation."
88,What role do investors play in your startup ecosystem?,"Investors are key partners in our ecosystem, helping startups secure funding and expand by providing the financial support needed to fuel growth, scale solutions, and bring innovation to market."
89,How does Network Science help startups prepare for investment rounds?,"We guide startups through fundraising by providing strategic advice, helping them refine their pitch, and connecting them with investors and VCs in our network."
90,What makes Network Science's approach to startup growth unique?,"Our approach is unique because we focus on market access, sales acceleration, and AI expertise, enabling startups to grow faster and more sustainably than through traditional paths."
91,How do you help startups reach enterprise clients?,"We bridge the gap between startups and large enterprises, connecting startups to key decision-makers, driving pilot projects, and ensuring that their solutions align with enterprise needs."
92,How do you help startups with customer acquisition?,"We help startups identify and engage key target customers, leveraging data-driven marketing, sales enablement tools, and our global network to ensure fast customer acquisition and retention."
93,How does Network Science influence AI thought leadership?,"We shape the future of AI through innovative solutions, cutting-edge research, and by fostering industry conversations around the impact of AI on business, society, and government."
94,How does Network Science contribute to AI education?,"We provide comprehensive AI workshops, trainings, and certifications to help businesses and individuals stay ahead in the evolving AI landscape and become true AI leaders."
95,What is your vision for AI in the future?,"Our vision is to make AI a core driver of business growth, ensuring it's integrated into all aspects of the organization, from operations to decision-making, leading to smarter, faster, and more impactful solutions."
96,What role does leadership play in AI adoption?,"AI adoption is most successful when driven by leadership. We work with CEOs and C-suite executives to ensure AI aligns with their strategic vision and delivers long-term value."
97,How does Network Science engage with the wider AI community?,"We engage with the global AI community by participating in industry events, publishing thought leadership, and collaborating with leading experts to advance the field of AI and Deep Tech."
98,Can I invite Network Science to speak at my event?,"Yes, we'd be happy to explore speaking opportunities at your event. Contact us through our website to discuss how we can contribute to your platform."
99,How does Network Science help businesses expand internationally?,"We provide businesses with global market insights, sales acceleration, and strategic partnerships, enabling them to enter and succeed in new, international markets."
100,How do you ensure global clients receive tailored AI solutions?,"We combine our global expertise with local insights, ensuring that each AI solution is customized to meet regional needs while aligning with global business strategies."